{
  "low": [
    0.2231140263722669,
    0.32999006841249756,
    0.22061265335724445,
    0.28250095097219763,
    0.22453056774735483,
    0.24434733303034017,
    0.20090636364271172,
    0.23766266930099608,
    0.2804311176847644,
    0.19905782204440034,
    0.20542305118635448,
    0.24636839193788737,
    0.2194073192040652,
    0.2078913402854219,
    0.3512758980143774,
    0.26451591468302976
  ],
  "mid": [
    0.16921029512432623,
    0.36187868786226024,
    0.1536015260256009,
    0.22823800817656698,
    0.30379490123282626,
    0.1935109527158497,
    0.19820573832067706,
    0.3196088993667918,
    0.21976721293971363,
    0.19869848773041696,
    0.23918792306439485,
    0.340498470840331,
    0.16905064940259618,
    0.21789278945632,
    0.33235727438965945,
    0.21472527641883798
  ],
  "high": [
    0.16105932034949613,
    0.3193247399124288,
    0.1783320552098527,
    0.21944531793640878,
    0.1875579965875036,
    0.26687547550575164,
    0.20211454151420435,
    0.2304809936687814,
    0.3294672704174748,
    0.17668382960917622,
    0.18015520730880513,
    0.45132213043787617,
    0.1398907156460961,
    0.20190531401437503,
    0.31962274433012944,
    0.230983656510456
  ],
  "_meta": {
    "source": "learned",
    "n_tracks": 2,
    "bins_per_bar": 16,
    "beats_per_bar": 4,
    "bands": [
      "low",
      "mid",
      "high"
    ]
  }
}